url,property,verdict,coverage_state,indexing_state,robots_txt_state,page_fetch_state,crawled_as,last_crawl_time,google_canonical,user_canonical,canonical_match,referring_urls_count,mobile_verdict,rich_results_verdict,rich_results_types_str,mobile_issues_str,inspection_link,error,data_date
https://www.aviva.com.br/,sc-domain:aviva.com.br,PASS,Enviada e indexada,INDEXING_ALLOWED,ALLOWED,SUCCESSFUL,MOBILE,2026-04-22T16:53:02Z,https://www.aviva.com.br/,https://www.aviva.com.br/,match,4,VERDICT_UNSPECIFIED,,,,https://search.google.com/search-console/inspect?resource_id=sc-domain:aviva.com.br&id=8aFAs0CkOj2KbMBcuUlgww&utm_medium=link&utm_source=api,,2026-04-22
https://www.aviva.com.br/rio-quente/,sc-domain:aviva.com.br,NEUTRAL,O Google não reconhece o URL,INDEXING_STATE_UNSPECIFIED,ROBOTS_TXT_STATE_UNSPECIFIED,PAGE_FETCH_STATE_UNSPECIFIED,,,,,unknown,0,VERDICT_UNSPECIFIED,,,,https://search.google.com/search-console/inspect?resource_id=sc-domain:aviva.com.br&id=3jMiug3c6mrNIEiyMgSrpw&utm_medium=link&utm_source=api,,2026-04-22
https://www.aviva.com.br/rio-quente/hotel-cristal/,sc-domain:aviva.com.br,NEUTRAL,O Google não reconhece o URL,INDEXING_STATE_UNSPECIFIED,ROBOTS_TXT_STATE_UNSPECIFIED,PAGE_FETCH_STATE_UNSPECIFIED,,,,,unknown,0,VERDICT_UNSPECIFIED,,,,https://search.google.com/search-console/inspect?resource_id=sc-domain:aviva.com.br&id=VubNKSUWMnwKmi9Xk5Mkag&utm_medium=link&utm_source=api,,2026-04-22
https://www.aviva.com.br/rio-quente/hotel-luupi/,sc-domain:aviva.com.br,NEUTRAL,O Google não reconhece o URL,INDEXING_STATE_UNSPECIFIED,ROBOTS_TXT_STATE_UNSPECIFIED,PAGE_FETCH_STATE_UNSPECIFIED,,,,,unknown,0,VERDICT_UNSPECIFIED,,,,https://search.google.com/search-console/inspect?resource_id=sc-domain:aviva.com.br&id=QsphHvkgiv2CgrUEK-I2jA&utm_medium=link&utm_source=api,,2026-04-22
https://www.aviva.com.br/rio-quente/hotel-turismo/,sc-domain:aviva.com.br,NEUTRAL,O Google não reconhece o URL,INDEXING_STATE_UNSPECIFIED,ROBOTS_TXT_STATE_UNSPECIFIED,PAGE_FETCH_STATE_UNSPECIFIED,,,,,unknown,0,VERDICT_UNSPECIFIED,,,,https://search.google.com/search-console/inspect?resource_id=sc-domain:aviva.com.br&id=4x742FsZYR42ndO5xgoOeQ&utm_medium=link&utm_source=api,,2026-04-22
https://www.aviva.com.br/rio-quente/hotel-giardino/,sc-domain:aviva.com.br,NEUTRAL,O Google não reconhece o URL,INDEXING_STATE_UNSPECIFIED,ROBOTS_TXT_STATE_UNSPECIFIED,PAGE_FETCH_STATE_UNSPECIFIED,,,,,unknown,0,VERDICT_UNSPECIFIED,,,,https://search.google.com/search-console/inspect?resource_id=sc-domain:aviva.com.br&id=bAEcjMT2qKAk-9TKWM7dpw&utm_medium=link&utm_source=api,,2026-04-22
https://www.aviva.com.br/hot-park/,sc-domain:aviva.com.br,NEUTRAL,O Google não reconhece o URL,INDEXING_STATE_UNSPECIFIED,ROBOTS_TXT_STATE_UNSPECIFIED,PAGE_FETCH_STATE_UNSPECIFIED,,,,,unknown,0,VERDICT_UNSPECIFIED,,,,https://search.google.com/search-console/inspect?resource_id=sc-domain:aviva.com.br&id=zbHKW7XovP9x2TeNpWMXiw&utm_medium=link&utm_source=api,,2026-04-22
https://www.aviva.com.br/costa-do-sauipe/,sc-domain:aviva.com.br,NEUTRAL,O Google não reconhece o URL,INDEXING_STATE_UNSPECIFIED,ROBOTS_TXT_STATE_UNSPECIFIED,PAGE_FETCH_STATE_UNSPECIFIED,,,,,unknown,0,VERDICT_UNSPECIFIED,,,,https://search.google.com/search-console/inspect?resource_id=sc-domain:aviva.com.br&id=cBYRAPyrQW9FzGKlGiHFZg&utm_medium=link&utm_source=api,,2026-04-22
https://www.aviva.com.br/aviva-experiences/,sc-domain:aviva.com.br,NEUTRAL,O Google não reconhece o URL,INDEXING_STATE_UNSPECIFIED,ROBOTS_TXT_STATE_UNSPECIFIED,PAGE_FETCH_STATE_UNSPECIFIED,,,,,unknown,0,VERDICT_UNSPECIFIED,,,,https://search.google.com/search-console/inspect?resource_id=sc-domain:aviva.com.br&id=N5LEBz-J16LCx0Cf2H08KA&utm_medium=link&utm_source=api,,2026-04-22
https://www.aviva.com.br/lojinha/,sc-domain:aviva.com.br,NEUTRAL,O Google não reconhece o URL,INDEXING_STATE_UNSPECIFIED,ROBOTS_TXT_STATE_UNSPECIFIED,PAGE_FETCH_STATE_UNSPECIFIED,,,,,unknown,0,VERDICT_UNSPECIFIED,,,,https://search.google.com/search-console/inspect?resource_id=sc-domain:aviva.com.br&id=wsk-H07GVWBElLv-YdfWKw&utm_medium=link&utm_source=api,,2026-04-22
https://reservas.aviva.com.br/,sc-domain:aviva.com.br,PASS,Enviada e indexada,INDEXING_ALLOWED,ALLOWED,SUCCESSFUL,MOBILE,2026-04-21T00:11:53Z,https://reservas.aviva.com.br/,,unknown,2,VERDICT_UNSPECIFIED,,,,https://search.google.com/search-console/inspect?resource_id=sc-domain:aviva.com.br&id=M6gtAID-LuaaDfO9dFZiMQ&utm_medium=link&utm_source=api,,2026-04-22
https://clubedeferias.aviva.com.br/,sc-domain:aviva.com.br,PASS,Enviada e indexada,INDEXING_ALLOWED,ALLOWED,SUCCESSFUL,MOBILE,2026-04-22T16:31:22Z,https://clubedeferias.aviva.com.br/,,unknown,0,VERDICT_UNSPECIFIED,,,,https://search.google.com/search-console/inspect?resource_id=sc-domain:aviva.com.br&id=nNNzkY9RtThq2VJaSQd0pQ&utm_medium=link&utm_source=api,,2026-04-22
https://checkin.aviva.com.br/,sc-domain:aviva.com.br,PASS,A página foi indexada sem conteúdo,INDEXING_ALLOWED,ALLOWED,SUCCESSFUL,MOBILE,2026-04-22T09:03:04Z,https://checkin.aviva.com.br/,,unknown,1,VERDICT_UNSPECIFIED,,,,https://search.google.com/search-console/inspect?resource_id=sc-domain:aviva.com.br&id=B50Fv5quInQnD0Hbie7eqw&utm_medium=link&utm_source=api,,2026-04-22
https://services.aviva.com.br/,sc-domain:aviva.com.br,PASS,Enviada e indexada,INDEXING_ALLOWED,ALLOWED,SUCCESSFUL,MOBILE,2026-04-20T18:36:01Z,https://services.aviva.com.br/,https://services.aviva.com.br/,match,3,VERDICT_UNSPECIFIED,,,,https://search.google.com/search-console/inspect?resource_id=sc-domain:aviva.com.br&id=mAKJKnMWbAMno2yL4jLdUQ&utm_medium=link&utm_source=api,,2026-04-22
https://fornecedores.aviva.com.br/,sc-domain:aviva.com.br,PASS,Enviada e indexada,INDEXING_ALLOWED,ALLOWED,SUCCESSFUL,MOBILE,2026-04-22T09:01:38Z,https://fornecedores.aviva.com.br/,,unknown,2,VERDICT_UNSPECIFIED,,,,https://search.google.com/search-console/inspect?resource_id=sc-domain:aviva.com.br&id=klg2dEMXZChGYDoith9Jhg&utm_medium=link&utm_source=api,,2026-04-22
https://tse.aviva.com.br/,sc-domain:aviva.com.br,PASS,Enviada e indexada,INDEXING_ALLOWED,ALLOWED,SUCCESSFUL,MOBILE,2026-04-16T00:12:01Z,https://tse.aviva.com.br/,,unknown,1,VERDICT_UNSPECIFIED,,,,https://search.google.com/search-console/inspect?resource_id=sc-domain:aviva.com.br&id=SWYBtCMK9z4TvOuy4CAZqQ&utm_medium=link&utm_source=api,,2026-04-22
https://webcheckout.aviva.com.br/,sc-domain:aviva.com.br,PASS,Enviada e indexada,INDEXING_ALLOWED,ALLOWED,SUCCESSFUL,MOBILE,2026-04-15T23:56:58Z,https://webcheckout.aviva.com.br/,,unknown,1,VERDICT_UNSPECIFIED,,,,https://search.google.com/search-console/inspect?resource_id=sc-domain:aviva.com.br&id=h9bMrPdlv4klt253JN0pig&utm_medium=link&utm_source=api,,2026-04-22
https://www.aviva.com.br/politica-de-privacidade.php,sc-domain:aviva.com.br,NEUTRAL,Não encontrado (404),INDEXING_STATE_UNSPECIFIED,ALLOWED,NOT_FOUND,MOBILE,2026-04-22T14:10:19Z,,,unknown,2,VERDICT_UNSPECIFIED,,,,https://search.google.com/search-console/inspect?resource_id=sc-domain:aviva.com.br&id=O29T2-tvIn-x_6EHHuM8xA&utm_medium=link&utm_source=api,,2026-04-22
http://www.aviva.com.br/,sc-domain:aviva.com.br,NEUTRAL,Página com redirecionamento,INDEXING_ALLOWED,ALLOWED,SUCCESSFUL,MOBILE,2026-04-22T16:53:02Z,https://www.aviva.com.br/,https://www.aviva.com.br/,match,4,VERDICT_UNSPECIFIED,,,,https://search.google.com/search-console/inspect?resource_id=sc-domain:aviva.com.br&id=2l6jpKI3kPlvYSEmDogezw&utm_medium=link&utm_source=api,,2026-04-22
https://aviva.com.br/pacotes,sc-domain:aviva.com.br,PASS,Enviada e indexada,INDEXING_ALLOWED,ALLOWED,SUCCESSFUL,MOBILE,2026-04-22T16:31:11Z,https://aviva.com.br/pacotes,https://aviva.com.br/pacotes,match,1,VERDICT_UNSPECIFIED,FAIL,Os dados estruturados não podem ser analisados,,https://search.google.com/search-console/inspect?resource_id=sc-domain:aviva.com.br&id=0Ee-7vtX3QPMVW6qS0GnVg&utm_medium=link&utm_source=api,,2026-04-22
https://www.aviva.com.br/conheca-a-aviva,sc-domain:aviva.com.br,PASS,Enviada e indexada,INDEXING_ALLOWED,ALLOWED,SUCCESSFUL,MOBILE,2026-04-22T13:28:30Z,https://www.aviva.com.br/conheca-a-aviva,https://www.aviva.com.br/institucional/aviva,mismatch,1,VERDICT_UNSPECIFIED,FAIL,Os dados estruturados não podem ser analisados,,https://search.google.com/search-console/inspect?resource_id=sc-domain:aviva.com.br&id=HdFgEq5yw-vlZQ3yEAuxWA&utm_medium=link&utm_source=api,,2026-04-22
https://www.aviva.com.br/costa-do-sauipe/mar-premium,sc-domain:aviva.com.br,PASS,Enviada e indexada,INDEXING_ALLOWED,ALLOWED,SUCCESSFUL,MOBILE,2026-04-17T16:09:52Z,https://www.aviva.com.br/costa-do-sauipe/mar-premium,https://www.aviva.com.br/costa-do-sauipe/mar-premium,match,1,VERDICT_UNSPECIFIED,FAIL,Os dados estruturados não podem ser analisados,,https://search.google.com/search-console/inspect?resource_id=sc-domain:aviva.com.br&id=wiYcDgbR5SQ2TY28QQ1OrQ&utm_medium=link&utm_source=api,,2026-04-22
https://www.aviva.com.br/politicadeprivacidadeecookiesuniversalaviva/,sc-domain:aviva.com.br,NEUTRAL,Não encontrado (404),INDEXING_STATE_UNSPECIFIED,ALLOWED,NOT_FOUND,MOBILE,2026-04-22T02:09:25Z,,,unknown,1,VERDICT_UNSPECIFIED,,,,https://search.google.com/search-console/inspect?resource_id=sc-domain:aviva.com.br&id=NGMNCZEaQRS4e9IE__yL2A&utm_medium=link&utm_source=api,,2026-04-22
https://aviva.com.br/rio-quente,sc-domain:aviva.com.br,PASS,Enviada e indexada,INDEXING_ALLOWED,ALLOWED,SUCCESSFUL,MOBILE,2026-04-22T17:35:32Z,https://aviva.com.br/rio-quente,https://aviva.com.br/rio-quente,match,1,VERDICT_UNSPECIFIED,FAIL,Os dados estruturados não podem ser analisados,,https://search.google.com/search-console/inspect?resource_id=sc-domain:aviva.com.br&id=jU8yMzf2I1Vlj8132X62YQ&utm_medium=link&utm_source=api,,2026-04-22
https://www.aviva.com.br/clube-de-ferias,sc-domain:aviva.com.br,PASS,Enviada e indexada,INDEXING_ALLOWED,ALLOWED,SUCCESSFUL,MOBILE,2026-04-22T12:54:15Z,https://www.aviva.com.br/clube-de-ferias,http://www.aviva.com.br/clube-de-ferias,mismatch,1,VERDICT_UNSPECIFIED,FAIL,Os dados estruturados não podem ser analisados,,https://search.google.com/search-console/inspect?resource_id=sc-domain:aviva.com.br&id=EGbnR5JAqvOlszBsBV9F8w&utm_medium=link&utm_source=api,,2026-04-22
https://www.aviva.com.br/hot-park-rio-quente,sc-domain:aviva.com.br,NEUTRAL,"Cópia, o Google e o usuário selecionaram uma página canônica diferente",INDEXING_ALLOWED,ALLOWED,SUCCESSFUL,MOBILE,2026-04-20T22:26:51Z,https://aviva.com.br/hot-park-rio-quente,https://www.aviva.com.br/hot-park-rio-quente,mismatch,1,VERDICT_UNSPECIFIED,,,,https://search.google.com/search-console/inspect?resource_id=sc-domain:aviva.com.br&id=hgNJf-w7XcS4GowmDSKJLg&utm_medium=link&utm_source=api,,2026-04-22
https://www.aviva.com.br/fale-conosco,sc-domain:aviva.com.br,PASS,Enviada e indexada,INDEXING_ALLOWED,ALLOWED,SUCCESSFUL,MOBILE,2026-04-17T16:09:54Z,https://www.aviva.com.br/fale-conosco,https://www.aviva.com.br/fale-conosco,match,0,VERDICT_UNSPECIFIED,,,,https://search.google.com/search-console/inspect?resource_id=sc-domain:aviva.com.br&id=n4zdmu4RwhZ8t8ySVLnxZg&utm_medium=link&utm_source=api,,2026-04-22
https://www.aviva.com.br/hot-park-costa-do-sauipe,sc-domain:aviva.com.br,PASS,Enviada e indexada,INDEXING_ALLOWED,ALLOWED,SUCCESSFUL,MOBILE,2026-04-20T21:56:25Z,https://www.aviva.com.br/hot-park-costa-do-sauipe,https://www.aviva.com.br/hot-park-costa-do-sauipe,match,1,VERDICT_UNSPECIFIED,,,,https://search.google.com/search-console/inspect?resource_id=sc-domain:aviva.com.br&id=n79Gwe81CCMZeDcdtQafZQ&utm_medium=link&utm_source=api,,2026-04-22
https://webcheckout.aviva.com.br/account/forgot-password,sc-domain:aviva.com.br,PASS,Enviada e indexada,INDEXING_ALLOWED,ALLOWED,SUCCESSFUL,MOBILE,2026-04-17T11:00:18Z,https://webcheckout.aviva.com.br/account/forgot-password,,unknown,2,VERDICT_UNSPECIFIED,,,,https://search.google.com/search-console/inspect?resource_id=sc-domain:aviva.com.br&id=YCtEF0mbIWDhdsE1GlqDbw&utm_medium=link&utm_source=api,,2026-04-22
https://www.aviva.com.br/resorts,sc-domain:aviva.com.br,PASS,Enviada e indexada,INDEXING_ALLOWED,ALLOWED,SUCCESSFUL,MOBILE,2026-04-22T13:38:30Z,https://www.aviva.com.br/resorts,https://www.aviva.com.br/resorts,match,1,VERDICT_UNSPECIFIED,,,,https://search.google.com/search-console/inspect?resource_id=sc-domain:aviva.com.br&id=Xyj62SUBeOzFq0oClaUZcA&utm_medium=link&utm_source=api,,2026-04-22
https://liga.aviva.com.br/,sc-domain:aviva.com.br,PASS,Enviada e indexada,INDEXING_ALLOWED,ALLOWED,SUCCESSFUL,MOBILE,2026-04-16T16:49:59Z,https://liga.aviva.com.br/,,unknown,1,VERDICT_UNSPECIFIED,,,,https://search.google.com/search-console/inspect?resource_id=sc-domain:aviva.com.br&id=kFSVhZv0BNSuJTJnx6UmnA&utm_medium=link&utm_source=api,,2026-04-22
https://clientevacationclub.aviva.com.br/,sc-domain:aviva.com.br,PASS,Enviada e indexada,INDEXING_ALLOWED,ALLOWED,SUCCESSFUL,MOBILE,2026-04-18T23:13:25Z,https://clientevacationclub.aviva.com.br/,,unknown,2,VERDICT_UNSPECIFIED,,,,https://search.google.com/search-console/inspect?resource_id=sc-domain:aviva.com.br&id=RuwavYeqcjZ4mr4QXEVaLQ&utm_medium=link&utm_source=api,,2026-04-22
https://aviva.com.br/costa-do-sauipe/terra-resort,sc-domain:aviva.com.br,PASS,Enviada e indexada,INDEXING_ALLOWED,ALLOWED,SUCCESSFUL,MOBILE,2026-04-19T17:22:45Z,https://aviva.com.br/costa-do-sauipe/terra-resort,https://aviva.com.br/costa-do-sauipe/terra-resort,match,1,VERDICT_UNSPECIFIED,FAIL,Os dados estruturados não podem ser analisados,,https://search.google.com/search-console/inspect?resource_id=sc-domain:aviva.com.br&id=b9p9fbSkJdL13TcdbXfiSg&utm_medium=link&utm_source=api,,2026-04-22
https://prd-site.aviva.com.br/conheca-a-aviva,sc-domain:aviva.com.br,PASS,Enviada e indexada,INDEXING_ALLOWED,ALLOWED,SUCCESSFUL,MOBILE,2026-04-18T15:42:12Z,https://prd-site.aviva.com.br/conheca-a-aviva,https://prd-site.aviva.com.br/institucional/aviva,mismatch,1,VERDICT_UNSPECIFIED,FAIL,Os dados estruturados não podem ser analisados,,https://search.google.com/search-console/inspect?resource_id=sc-domain:aviva.com.br&id=9w8b5ETia1F4JbFhNcBBDQ&utm_medium=link&utm_source=api,,2026-04-22
https://www.aviva.com.br/rio-quente/hotel-cristal,sc-domain:aviva.com.br,PASS,Enviada e indexada,INDEXING_ALLOWED,ALLOWED,SUCCESSFUL,MOBILE,2026-04-18T18:39:04Z,https://www.aviva.com.br/rio-quente/hotel-cristal,https://www.aviva.com.br/rio-quente/hotel-cristal,match,1,VERDICT_UNSPECIFIED,FAIL,Os dados estruturados não podem ser analisados,,https://search.google.com/search-console/inspect?resource_id=sc-domain:aviva.com.br&id=Aj3ZhJqqAYCye2pA-vx94Q&utm_medium=link&utm_source=api,,2026-04-22
https://prd-site.aviva.com.br/,sc-domain:aviva.com.br,PASS,Enviada e indexada,INDEXING_ALLOWED,ALLOWED,SUCCESSFUL,MOBILE,2026-04-21T20:27:39Z,https://prd-site.aviva.com.br/,https://prd-site.aviva.com.br/,match,0,VERDICT_UNSPECIFIED,,,,https://search.google.com/search-console/inspect?resource_id=sc-domain:aviva.com.br&id=I6tomzET61jQ6zU4puLEig&utm_medium=link&utm_source=api,,2026-04-22
https://www.aviva.com.br/agenda,sc-domain:aviva.com.br,PASS,Enviada e indexada,INDEXING_ALLOWED,ALLOWED,SUCCESSFUL,MOBILE,2026-04-19T17:07:53Z,https://www.aviva.com.br/agenda,https://www.aviva.com.br/agenda/,mismatch,0,VERDICT_UNSPECIFIED,FAIL,Os dados estruturados não podem ser analisados,,https://search.google.com/search-console/inspect?resource_id=sc-domain:aviva.com.br&id=6rV3qgINmv2hY2yE13hmOw&utm_medium=link&utm_source=api,,2026-04-22
https://www.aviva.com.br/costa-do-sauipe,sc-domain:aviva.com.br,PASS,Enviada e indexada,INDEXING_ALLOWED,ALLOWED,SUCCESSFUL,MOBILE,2026-04-21T16:50:23Z,https://www.aviva.com.br/costa-do-sauipe,https://www.aviva.com.br/costa-do-sauipe,match,2,VERDICT_UNSPECIFIED,FAIL,Os dados estruturados não podem ser analisados,,https://search.google.com/search-console/inspect?resource_id=sc-domain:aviva.com.br&id=G5KLqnYIirOhrhBgmJrBNA&utm_medium=link&utm_source=api,,2026-04-22
https://avivacomigo.aviva.com.br/pp/w_pwsx010.apw,sc-domain:aviva.com.br,NEUTRAL,O Google não reconhece o URL,INDEXING_STATE_UNSPECIFIED,ROBOTS_TXT_STATE_UNSPECIFIED,PAGE_FETCH_STATE_UNSPECIFIED,,,,,unknown,0,VERDICT_UNSPECIFIED,,,,https://search.google.com/search-console/inspect?resource_id=sc-domain:aviva.com.br&id=3zAnYqYE1KlgC648DmcdwQ&utm_medium=link&utm_source=api,,2026-04-22
https://webcheckout.aviva.com.br/account/subscribe,sc-domain:aviva.com.br,PASS,Enviada e indexada,INDEXING_ALLOWED,ALLOWED,SUCCESSFUL,MOBILE,2026-04-12T01:18:16Z,https://webcheckout.aviva.com.br/account/subscribe,,unknown,2,VERDICT_UNSPECIFIED,,,,https://search.google.com/search-console/inspect?resource_id=sc-domain:aviva.com.br&id=pnlwXXTiKBnioHVuFUdwXA&utm_medium=link&utm_source=api,,2026-04-22
https://www.rioquente.com.br/,sc-domain:rioquente.com.br,PASS,Enviada e indexada,INDEXING_ALLOWED,ALLOWED,SUCCESSFUL,MOBILE,2026-04-22T17:58:22Z,https://www.rioquente.com.br/,https://www.rioquente.com.br/,match,4,VERDICT_UNSPECIFIED,FAIL,Indicadores de localização atual,,https://search.google.com/search-console/inspect?resource_id=sc-domain:rioquente.com.br&id=IkIH2vkeBPSnl1e-RhxTBQ&utm_medium=link&utm_source=api,,2026-04-22
https://www.rioquente.com.br/hotel-cristal/,sc-domain:rioquente.com.br,NEUTRAL,O Google não reconhece o URL,INDEXING_STATE_UNSPECIFIED,ROBOTS_TXT_STATE_UNSPECIFIED,PAGE_FETCH_STATE_UNSPECIFIED,,,,,unknown,0,VERDICT_UNSPECIFIED,,,,https://search.google.com/search-console/inspect?resource_id=sc-domain:rioquente.com.br&id=Gh7epXPBqjReiLcqEZrLQQ&utm_medium=link&utm_source=api,,2026-04-22
https://www.rioquente.com.br/hot-park,sc-domain:rioquente.com.br,PASS,Enviada e indexada,INDEXING_ALLOWED,ALLOWED,SUCCESSFUL,MOBILE,2026-04-22T13:35:01Z,https://www.rioquente.com.br/hot-park,https://www.rioquente.com.br/hot-park,match,4,VERDICT_UNSPECIFIED,,,,https://search.google.com/search-console/inspect?resource_id=sc-domain:rioquente.com.br&id=SgF7PsRfr3sToKyRVqPVXA&utm_medium=link&utm_source=api,,2026-04-22
https://www.rioquente.com.br/pacotes-promocionais,sc-domain:rioquente.com.br,PASS,Enviada e indexada,INDEXING_ALLOWED,ALLOWED,SUCCESSFUL,MOBILE,2026-04-22T16:51:54Z,https://www.rioquente.com.br/pacotes-promocionais,https://www.rioquente.com.br/pacotes-promocionais,match,3,VERDICT_UNSPECIFIED,PASS,Indicadores de localização atual,,https://search.google.com/search-console/inspect?resource_id=sc-domain:rioquente.com.br&id=z3aMqowcvmmbvDOO1krFjQ&utm_medium=link&utm_source=api,,2026-04-22
https://www.rioquente.com.br/hot-park/ingressos,sc-domain:rioquente.com.br,PASS,Enviada e indexada,INDEXING_ALLOWED,ALLOWED,SUCCESSFUL,MOBILE,2026-04-22T16:59:56Z,https://www.rioquente.com.br/hot-park/ingressos,https://www.rioquente.com.br/hot-park/ingressos,match,4,VERDICT_UNSPECIFIED,,,,https://search.google.com/search-console/inspect?resource_id=sc-domain:rioquente.com.br&id=5OXJyQFgOwyT_Ja2pcMAaw&utm_medium=link&utm_source=api,,2026-04-22
https://www.rioquente.com.br/hot-park/,sc-domain:rioquente.com.br,NEUTRAL,Página alternativa com tag canônica adequada,INDEXING_ALLOWED,ALLOWED,SUCCESSFUL,MOBILE,2026-04-22T14:18:42Z,https://www.rioquente.com.br/hot-park,https://www.rioquente.com.br/hot-park,match,3,VERDICT_UNSPECIFIED,,,,https://search.google.com/search-console/inspect?resource_id=sc-domain:rioquente.com.br&id=YLXbpJfGft7v0fRo5zBIIw&utm_medium=link&utm_source=api,,2026-04-22
https://www.rioquente.com.br/explorar/hoteis,sc-domain:rioquente.com.br,PASS,Enviada e indexada,INDEXING_ALLOWED,ALLOWED,SUCCESSFUL,MOBILE,2026-04-22T02:01:28Z,https://www.rioquente.com.br/explorar/hoteis,https://www.rioquente.com.br/explorar/hoteis,match,4,VERDICT_UNSPECIFIED,PASS,Indicadores de localização atual,,https://search.google.com/search-console/inspect?resource_id=sc-domain:rioquente.com.br&id=MZcrlv5azLRmmr9VftKKIw&utm_medium=link&utm_source=api,,2026-04-22
https://www.rioquente.com.br/blog/como-o-clima-de-caldas-novas-funciona,sc-domain:rioquente.com.br,PASS,Enviada e indexada,INDEXING_ALLOWED,ALLOWED,SUCCESSFUL,MOBILE,2026-04-22T03:09:00Z,https://www.rioquente.com.br/blog/como-o-clima-de-caldas-novas-funciona,https://www.rioquente.com.br/blog/como-o-clima-de-caldas-novas-funciona,match,4,VERDICT_UNSPECIFIED,PASS,Indicadores de localização atual,,https://search.google.com/search-console/inspect?resource_id=sc-domain:rioquente.com.br&id=lK__55eq_Pi3mjBIoPzXkQ&utm_medium=link&utm_source=api,,2026-04-22
https://www.rioquente.com.br/explorar/hoteis/hotel-pousada,sc-domain:rioquente.com.br,PASS,Enviada e indexada,INDEXING_ALLOWED,ALLOWED,SUCCESSFUL,MOBILE,2026-04-20T20:24:51Z,https://www.rioquente.com.br/explorar/hoteis/hotel-pousada,https://www.rioquente.com.br/explorar/hoteis/hotel-pousada,match,4,VERDICT_UNSPECIFIED,PASS,Indicadores de localização atual,,https://search.google.com/search-console/inspect?resource_id=sc-domain:rioquente.com.br&id=jO21cOm0dOg9MEUqPbkhDw&utm_medium=link&utm_source=api,,2026-04-22
https://www.rioquente.com.br/hot-park/hoteis,sc-domain:rioquente.com.br,PASS,Enviada e indexada,INDEXING_ALLOWED,ALLOWED,SUCCESSFUL,MOBILE,2026-04-22T11:49:05Z,https://www.rioquente.com.br/hot-park/hoteis,https://www.rioquente.com.br/hot-park/hoteis,match,3,VERDICT_UNSPECIFIED,,,,https://search.google.com/search-console/inspect?resource_id=sc-domain:rioquente.com.br&id=otvBWu4l6tXqkusnBYaixw&utm_medium=link&utm_source=api,,2026-04-22
https://www.rioquente.com.br/blog/conheca-o-hot-park,sc-domain:rioquente.com.br,PASS,Enviada e indexada,INDEXING_ALLOWED,ALLOWED,SUCCESSFUL,MOBILE,2026-04-20T21:58:07Z,https://www.rioquente.com.br/blog/conheca-o-hot-park,https://www.rioquente.com.br/blog/conheca-o-hot-park,match,3,VERDICT_UNSPECIFIED,PASS,Indicadores de localização atual,,https://search.google.com/search-console/inspect?resource_id=sc-domain:rioquente.com.br&id=R2AMT-ghW3Q5OauTB2qMCQ&utm_medium=link&utm_source=api,,2026-04-22
https://www.rioquente.com.br/explorar/hoteis/hotel-giardino,sc-domain:rioquente.com.br,PASS,Enviada e indexada,INDEXING_ALLOWED,ALLOWED,SUCCESSFUL,MOBILE,2026-04-19T12:44:24Z,https://www.rioquente.com.br/explorar/hoteis/hotel-giardino,https://www.rioquente.com.br/explorar/hoteis/hotel-giardino,match,4,VERDICT_UNSPECIFIED,PASS,Indicadores de localização atual,,https://search.google.com/search-console/inspect?resource_id=sc-domain:rioquente.com.br&id=2n008MxZRikMSUkOJPN2Yg&utm_medium=link&utm_source=api,,2026-04-22
https://www.rioquente.com.br/explorar/diversao/parque-das-fontes,sc-domain:rioquente.com.br,PASS,Enviada e indexada,INDEXING_ALLOWED,ALLOWED,SUCCESSFUL,MOBILE,2026-04-22T11:20:58Z,https://www.rioquente.com.br/explorar/diversao/parque-das-fontes,https://www.rioquente.com.br/explorar/diversao/parque-das-fontes,match,2,VERDICT_UNSPECIFIED,PASS,Indicadores de localização atual,,https://search.google.com/search-console/inspect?resource_id=sc-domain:rioquente.com.br&id=CAoxaqIKWxnc-CmTSuneew&utm_medium=link&utm_source=api,,2026-04-22
https://www.rioquente.com.br/perguntas-frequentes,sc-domain:rioquente.com.br,PASS,Enviada e indexada,INDEXING_ALLOWED,ALLOWED,SUCCESSFUL,MOBILE,2026-04-19T21:00:30Z,https://www.rioquente.com.br/perguntas-frequentes,https://www.rioquente.com.br/perguntas-frequentes,match,4,VERDICT_UNSPECIFIED,PASS,Indicadores de localização atual,,https://search.google.com/search-console/inspect?resource_id=sc-domain:rioquente.com.br&id=RV-yT9aBLypTeHWW868DNQ&utm_medium=link&utm_source=api,,2026-04-22
https://www.rioquente.com.br/hot-park/atracoes,sc-domain:rioquente.com.br,PASS,Enviada e indexada,INDEXING_ALLOWED,ALLOWED,SUCCESSFUL,MOBILE,2026-04-22T15:01:32Z,https://www.rioquente.com.br/hot-park/atracoes,https://www.rioquente.com.br/hot-park/atracoes,match,4,VERDICT_UNSPECIFIED,,,,https://search.google.com/search-console/inspect?resource_id=sc-domain:rioquente.com.br&id=fEG8BUttq6Tuzt6giqSWjA&utm_medium=link&utm_source=api,,2026-04-22
https://www.rioquente.com.br/blog/descubra-o-que-significa-diria-e-como-ela-funciona-nas-hospedagens,sc-domain:rioquente.com.br,PASS,Enviada e indexada,INDEXING_ALLOWED,ALLOWED,SUCCESSFUL,MOBILE,2026-04-15T02:31:04Z,https://www.rioquente.com.br/blog/descubra-o-que-significa-diria-e-como-ela-funciona-nas-hospedagens,https://www.rioquente.com.br/blog/descubra-o-que-significa-diria-e-como-ela-funciona-nas-hospedagens,match,2,VERDICT_UNSPECIFIED,PASS,Indicadores de localização atual,,https://search.google.com/search-console/inspect?resource_id=sc-domain:rioquente.com.br&id=V9hnByq6ToPwynBAkEyLFw&utm_medium=link&utm_source=api,,2026-04-22
https://www.rioquente.com.br/blog/10-motivos-para-visitar-o-rio-quente-fora-da-alta-temporada,sc-domain:rioquente.com.br,PASS,Enviada e indexada,INDEXING_ALLOWED,ALLOWED,SUCCESSFUL,MOBILE,2026-04-20T21:15:01Z,https://www.rioquente.com.br/blog/10-motivos-para-visitar-o-rio-quente-fora-da-alta-temporada,https://www.rioquente.com.br/blog/10-motivos-para-visitar-o-rio-quente-fora-da-alta-temporada,match,1,VERDICT_UNSPECIFIED,PASS,Indicadores de localização atual,,https://search.google.com/search-console/inspect?resource_id=sc-domain:rioquente.com.br&id=SLGRzXc-N1zlZGGo6UCIcQ&utm_medium=link&utm_source=api,,2026-04-22
https://www.rioquente.com.br/blog/praia-de-agua-doce-em-goias,sc-domain:rioquente.com.br,PASS,Enviada e indexada,INDEXING_ALLOWED,ALLOWED,SUCCESSFUL,MOBILE,2026-04-22T05:37:44Z,https://www.rioquente.com.br/blog/praia-de-agua-doce-em-goias,https://www.rioquente.com.br/blog/praia-de-agua-doce-em-goias,match,2,VERDICT_UNSPECIFIED,PASS,Indicadores de localização atual,,https://search.google.com/search-console/inspect?resource_id=sc-domain:rioquente.com.br&id=fG5znzWRl_uI2PDq-8zFvw&utm_medium=link&utm_source=api,,2026-04-22
https://www.rioquente.com.br/blog/serra-da-mesa,sc-domain:rioquente.com.br,PASS,Enviada e indexada,INDEXING_ALLOWED,ALLOWED,SUCCESSFUL,MOBILE,2026-04-22T06:42:50Z,https://www.rioquente.com.br/blog/serra-da-mesa,https://www.rioquente.com.br/blog/serra-da-mesa,match,2,VERDICT_UNSPECIFIED,PASS,Indicadores de localização atual,,https://search.google.com/search-console/inspect?resource_id=sc-domain:rioquente.com.br&id=rEeZ-JbjpULcIFc7pcBITA&utm_medium=link&utm_source=api,,2026-04-22
https://www.rioquente.com.br/blog/descubra-como-ir-de-brasilia-a-caldas-novas,sc-domain:rioquente.com.br,PASS,Enviada e indexada,INDEXING_ALLOWED,ALLOWED,SUCCESSFUL,MOBILE,2026-04-10T03:05:23Z,https://www.rioquente.com.br/blog/descubra-como-ir-de-brasilia-a-caldas-novas,https://www.rioquente.com.br/blog/descubra-como-ir-de-brasilia-a-caldas-novas,match,2,VERDICT_UNSPECIFIED,PASS,Indicadores de localização atual,,https://search.google.com/search-console/inspect?resource_id=sc-domain:rioquente.com.br&id=Sxh3WLo3haYT-8aP4EHJOw&utm_medium=link&utm_source=api,,2026-04-22
https://www.rioquente.com.br/explorar/hoteis/hotel-cristal,sc-domain:rioquente.com.br,PASS,Enviada e indexada,INDEXING_ALLOWED,ALLOWED,SUCCESSFUL,MOBILE,2026-04-21T08:53:19Z,https://www.rioquente.com.br/explorar/hoteis/hotel-cristal,https://www.rioquente.com.br/explorar/hoteis/hotel-cristal,match,3,VERDICT_UNSPECIFIED,PASS,Indicadores de localização atual,,https://search.google.com/search-console/inspect?resource_id=sc-domain:rioquente.com.br&id=i9bAkv20etWxCzOemMIs-Q&utm_medium=link&utm_source=api,,2026-04-22
https://www.rioquente.com.br/hot-park/atracoes/passeio-de-caiaque,sc-domain:rioquente.com.br,PASS,Enviada e indexada,INDEXING_ALLOWED,ALLOWED,SUCCESSFUL,MOBILE,2026-04-21T23:00:20Z,https://www.rioquente.com.br/hot-park/atracoes/passeio-de-caiaque,https://www.rioquente.com.br/hot-park/atracoes/passeio-de-caiaque,match,3,VERDICT_UNSPECIFIED,,,,https://search.google.com/search-console/inspect?resource_id=sc-domain:rioquente.com.br&id=mjSPAreZL7FDRFWL2QOuhA&utm_medium=link&utm_source=api,,2026-04-22
https://www.rioquente.com.br/perguntas-frequentes/categoria/hot-park,sc-domain:rioquente.com.br,PASS,Enviada e indexada,INDEXING_ALLOWED,ALLOWED,SUCCESSFUL,MOBILE,2026-04-20T00:40:12Z,https://www.rioquente.com.br/perguntas-frequentes/categoria/hot-park,https://www.rioquente.com.br/perguntas-frequentes/categoria/hot-park,match,3,VERDICT_UNSPECIFIED,PASS,Indicadores de localização atual,,https://search.google.com/search-console/inspect?resource_id=sc-domain:rioquente.com.br&id=guuLzoYFqLSL_xuxBArYNQ&utm_medium=link&utm_source=api,,2026-04-22
https://www.rioquente.com.br/blog/feira-da-lua-tradicao-goiana,sc-domain:rioquente.com.br,PASS,Enviada e indexada,INDEXING_ALLOWED,ALLOWED,SUCCESSFUL,MOBILE,2026-04-17T23:03:03Z,https://www.rioquente.com.br/blog/feira-da-lua-tradicao-goiana,https://www.rioquente.com.br/blog/feira-da-lua-tradicao-goiana,match,2,VERDICT_UNSPECIFIED,PASS,Indicadores de localização atual,,https://search.google.com/search-console/inspect?resource_id=sc-domain:rioquente.com.br&id=A8cZ6UTJ_Wn9pGsGfDGwmw&utm_medium=link&utm_source=api,,2026-04-22
https://www.rioquente.com.br/blog/conheca-caldas-novas-em-goias,sc-domain:rioquente.com.br,PASS,Enviada e indexada,INDEXING_ALLOWED,ALLOWED,SUCCESSFUL,MOBILE,2026-04-10T13:03:14Z,https://www.rioquente.com.br/blog/conheca-caldas-novas-em-goias,https://www.rioquente.com.br/blog/conheca-caldas-novas-em-goias,match,3,VERDICT_UNSPECIFIED,PASS,Indicadores de localização atual,,https://search.google.com/search-console/inspect?resource_id=sc-domain:rioquente.com.br&id=sG55BnkRly5MghdRqVCXWQ&utm_medium=link&utm_source=api,,2026-04-22
https://www.rioquente.com.br/blog/onde-fica-a-chapada-dos-veadeiros-confira-tudo-sobre-o-parque,sc-domain:rioquente.com.br,PASS,Enviada e indexada,INDEXING_ALLOWED,ALLOWED,SUCCESSFUL,MOBILE,2026-04-16T23:45:16Z,https://www.rioquente.com.br/blog/onde-fica-a-chapada-dos-veadeiros-confira-tudo-sobre-o-parque,https://www.rioquente.com.br/blog/onde-fica-a-chapada-dos-veadeiros-confira-tudo-sobre-o-parque,match,3,VERDICT_UNSPECIFIED,PASS,Indicadores de localização atual,,https://search.google.com/search-console/inspect?resource_id=sc-domain:rioquente.com.br&id=GfrkqMMB5_cfg7jx9B4Qdg&utm_medium=link&utm_source=api,,2026-04-22
https://www.rioquente.com.br/ajuda-contato,sc-domain:rioquente.com.br,PASS,Enviada e indexada,INDEXING_ALLOWED,ALLOWED,SUCCESSFUL,MOBILE,2026-04-19T14:48:02Z,https://www.rioquente.com.br/ajuda-contato,https://www.rioquente.com.br/ajuda-contato,match,4,VERDICT_UNSPECIFIED,PASS,Indicadores de localização atual,,https://search.google.com/search-console/inspect?resource_id=sc-domain:rioquente.com.br&id=ZD1YwKAs012Gf1hY2FrPCQ&utm_medium=link&utm_source=api,,2026-04-22
https://www.rioquente.com.br/perguntas-frequentes/categoria/rio-quente,sc-domain:rioquente.com.br,PASS,Enviada e indexada,INDEXING_ALLOWED,ALLOWED,SUCCESSFUL,MOBILE,2026-04-10T23:33:19Z,https://www.rioquente.com.br/perguntas-frequentes/categoria/rio-quente,https://www.rioquente.com.br/perguntas-frequentes/categoria/rio-quente,match,2,VERDICT_UNSPECIFIED,PASS,Indicadores de localização atual,,https://search.google.com/search-console/inspect?resource_id=sc-domain:rioquente.com.br&id=DuQao-eeumXzlW7NRB8EJw&utm_medium=link&utm_source=api,,2026-04-22
https://www.rioquente.com.br/blog/descubra-como-ir-de-goiania-a-caldas-novas,sc-domain:rioquente.com.br,PASS,Enviada e indexada,INDEXING_ALLOWED,ALLOWED,SUCCESSFUL,MOBILE,2026-04-05T10:50:18Z,https://www.rioquente.com.br/blog/descubra-como-ir-de-goiania-a-caldas-novas,https://www.rioquente.com.br/blog/descubra-como-ir-de-goiania-a-caldas-novas,match,2,VERDICT_UNSPECIFIED,PASS,Indicadores de localização atual,,https://search.google.com/search-console/inspect?resource_id=sc-domain:rioquente.com.br&id=j2qIo5TR9tpV7Vnbkc7VBw&utm_medium=link&utm_source=api,,2026-04-22
https://www.rioquente.com.br/blog/onde-fica-o-rio-quente-descubra-a-melhor-forma-de-chegar,sc-domain:rioquente.com.br,PASS,Enviada e indexada,INDEXING_ALLOWED,ALLOWED,SUCCESSFUL,MOBILE,2026-04-18T14:23:38Z,https://www.rioquente.com.br/blog/onde-fica-o-rio-quente-descubra-a-melhor-forma-de-chegar,https://www.rioquente.com.br/blog/onde-fica-o-rio-quente-descubra-a-melhor-forma-de-chegar,match,3,VERDICT_UNSPECIFIED,PASS,Indicadores de localização atual,,https://search.google.com/search-console/inspect?resource_id=sc-domain:rioquente.com.br&id=x9ucFLatWRopBoQWbkXDNw&utm_medium=link&utm_source=api,,2026-04-22
https://www.rioquente.com.br/blog/aeroporto-de-caldas-novas,sc-domain:rioquente.com.br,PASS,Enviada e indexada,INDEXING_ALLOWED,ALLOWED,SUCCESSFUL,MOBILE,2026-04-11T17:16:08Z,https://www.rioquente.com.br/blog/aeroporto-de-caldas-novas,https://www.rioquente.com.br/blog/aeroporto-de-caldas-novas,match,2,VERDICT_UNSPECIFIED,PASS,Indicadores de localização atual,,https://search.google.com/search-console/inspect?resource_id=sc-domain:rioquente.com.br&id=cUBBpemOLegjVm5TCNglJA&utm_medium=link&utm_source=api,,2026-04-22
https://www.rioquente.com.br/blog/festa-de-so-joo-tudo-o-que-voc-precisa-saber-sobre-a-comemorao,sc-domain:rioquente.com.br,PASS,Enviada e indexada,INDEXING_ALLOWED,ALLOWED,SUCCESSFUL,MOBILE,2026-04-16T14:33:27Z,https://www.rioquente.com.br/blog/festa-de-so-joo-tudo-o-que-voc-precisa-saber-sobre-a-comemorao,https://www.rioquente.com.br/blog/festa-de-so-joo-tudo-o-que-voc-precisa-saber-sobre-a-comemorao,match,2,VERDICT_UNSPECIFIED,PASS,Indicadores de localização atual,,https://search.google.com/search-console/inspect?resource_id=sc-domain:rioquente.com.br&id=CxXqbICe2jSA1eHztiq3FQ&utm_medium=link&utm_source=api,,2026-04-22
https://www.rioquente.com.br/explorar/hoteis/hotel-luupi,sc-domain:rioquente.com.br,PASS,Enviada e indexada,INDEXING_ALLOWED,ALLOWED,SUCCESSFUL,MOBILE,2026-04-22T06:52:13Z,https://www.rioquente.com.br/explorar/hoteis/hotel-luupi,https://www.rioquente.com.br/explorar/hoteis/hotel-luupi,match,2,VERDICT_UNSPECIFIED,PASS,Indicadores de localização atual,,https://search.google.com/search-console/inspect?resource_id=sc-domain:rioquente.com.br&id=S64DY4Ubc4YQ_nG8pQYTwQ&utm_medium=link&utm_source=api,,2026-04-22
https://www.rioquente.com.br/blog/frutas-do-cerrado-conheca-os-sabores-de-goias,sc-domain:rioquente.com.br,PASS,Enviada e indexada,INDEXING_ALLOWED,ALLOWED,SUCCESSFUL,MOBILE,2026-04-22T09:42:13Z,https://www.rioquente.com.br/blog/frutas-do-cerrado-conheca-os-sabores-de-goias,https://www.rioquente.com.br/blog/frutas-do-cerrado-conheca-os-sabores-de-goias,match,3,VERDICT_UNSPECIFIED,PASS,Indicadores de localização atual,,https://search.google.com/search-console/inspect?resource_id=sc-domain:rioquente.com.br&id=XvmcTwQpMSyKUgMC1IAp9Q&utm_medium=link&utm_source=api,,2026-04-22
https://www.rioquente.com.br/hot-park/cupons-e-promocoes,sc-domain:rioquente.com.br,PASS,Enviada e indexada,INDEXING_ALLOWED,ALLOWED,SUCCESSFUL,MOBILE,2026-04-21T16:51:14Z,https://www.rioquente.com.br/hot-park/cupons-e-promocoes,https://www.rioquente.com.br/hot-park/cupons-e-promocoes,match,3,VERDICT_UNSPECIFIED,,,,https://search.google.com/search-console/inspect?resource_id=sc-domain:rioquente.com.br&id=F4ubglImZwzFzNlCWQDB7g&utm_medium=link&utm_source=api,,2026-04-22
https://www.rioquente.com.br/blog/jatai-go,sc-domain:rioquente.com.br,PASS,Enviada e indexada,INDEXING_ALLOWED,ALLOWED,SUCCESSFUL,MOBILE,2026-04-14T15:24:33Z,https://www.rioquente.com.br/blog/jatai-go,https://www.rioquente.com.br/blog/jatai-go,match,3,VERDICT_UNSPECIFIED,PASS,Indicadores de localização atual,,https://search.google.com/search-console/inspect?resource_id=sc-domain:rioquente.com.br&id=VQYRIEAw10rikvrCJqJQaQ&utm_medium=link&utm_source=api,,2026-04-22
https://www.rioquente.com.br/blog/catal%C3%A3o,sc-domain:rioquente.com.br,PASS,Enviada e indexada,INDEXING_ALLOWED,ALLOWED,SUCCESSFUL,MOBILE,2026-04-10T14:58:22Z,https://www.rioquente.com.br/blog/catal%C3%A3o,https://www.rioquente.com.br/blog/catal%C3%A3o,match,2,VERDICT_UNSPECIFIED,PASS,Indicadores de localização atual,,https://search.google.com/search-console/inspect?resource_id=sc-domain:rioquente.com.br&id=8Bd_8bx57JbgdzgL7uTekA&utm_medium=link&utm_source=api,,2026-04-22
https://www.rioquente.com.br/blog/moda-de-viola-musicalidade-caipira-em-terras-goianas,sc-domain:rioquente.com.br,PASS,Enviada e indexada,INDEXING_ALLOWED,ALLOWED,SUCCESSFUL,MOBILE,2026-04-13T12:55:52Z,https://www.rioquente.com.br/blog/moda-de-viola-musicalidade-caipira-em-terras-goianas,https://www.rioquente.com.br/blog/moda-de-viola-musicalidade-caipira-em-terras-goianas,match,3,VERDICT_UNSPECIFIED,PASS,Indicadores de localização atual,,https://search.google.com/search-console/inspect?resource_id=sc-domain:rioquente.com.br&id=gRDcWZLdSBEWBDUNT_vInA&utm_medium=link&utm_source=api,,2026-04-22
https://www.rioquente.com.br/blog/como-ir-de-uberlandia-a-caldas-novas,sc-domain:rioquente.com.br,PASS,Enviada e indexada,INDEXING_ALLOWED,ALLOWED,SUCCESSFUL,MOBILE,2026-04-12T01:08:11Z,https://www.rioquente.com.br/blog/como-ir-de-uberlandia-a-caldas-novas,https://www.rioquente.com.br/blog/como-ir-de-uberlandia-a-caldas-novas,match,3,VERDICT_UNSPECIFIED,PASS,Indicadores de localização atual,,https://search.google.com/search-console/inspect?resource_id=sc-domain:rioquente.com.br&id=-CM7kUkiuxOEKW0kIo91rw&utm_medium=link&utm_source=api,,2026-04-22
https://www.rioquente.com.br/explorar/hoteis/hotel-cristal?utm_source=google&utm_medium=organic&utm_campaign=gmb_botao_site,sc-domain:rioquente.com.br,NEUTRAL,O Google não reconhece o URL,INDEXING_STATE_UNSPECIFIED,ROBOTS_TXT_STATE_UNSPECIFIED,PAGE_FETCH_STATE_UNSPECIFIED,,,,,unknown,0,VERDICT_UNSPECIFIED,,,,https://search.google.com/search-console/inspect?resource_id=sc-domain:rioquente.com.br&id=tAjWNsCn7ymG1Vc_NN45aQ&utm_medium=link&utm_source=api,,2026-04-22
https://www.costadosauipe.com.br/,sc-domain:costadosauipe.com.br,PASS,Enviada e indexada,INDEXING_ALLOWED,ALLOWED,SUCCESSFUL,MOBILE,2026-04-22T18:34:57Z,https://www.costadosauipe.com.br/,https://www.costadosauipe.com.br/,match,4,VERDICT_UNSPECIFIED,FAIL,Indicadores de localização atual,,https://search.google.com/search-console/inspect?resource_id=sc-domain:costadosauipe.com.br&id=inBYi5KIDlExJf1u_bU4Qg&utm_medium=link&utm_source=api,,2026-04-22
https://www.costadosauipe.com.br/resorts,sc-domain:costadosauipe.com.br,PASS,Enviada e indexada,INDEXING_ALLOWED,ALLOWED,SUCCESSFUL,MOBILE,2026-04-21T00:00:04Z,https://www.costadosauipe.com.br/resorts,https://www.costadosauipe.com.br/resorts,match,1,VERDICT_UNSPECIFIED,PASS,Indicadores de localização atual,,https://search.google.com/search-console/inspect?resource_id=sc-domain:costadosauipe.com.br&id=BUqEfU-UtF7TvZy3UtxufQ&utm_medium=link&utm_source=api,,2026-04-22
https://www.costadosauipe.com.br/blog/caruru,sc-domain:costadosauipe.com.br,PASS,Enviada e indexada,INDEXING_ALLOWED,ALLOWED,SUCCESSFUL,MOBILE,2026-04-22T06:35:10Z,https://www.costadosauipe.com.br/blog/caruru,https://www.costadosauipe.com.br/blog/caruru,match,2,VERDICT_UNSPECIFIED,,,,https://search.google.com/search-console/inspect?resource_id=sc-domain:costadosauipe.com.br&id=r0gLg0ko6kdOY0RONowzgg&utm_medium=link&utm_source=api,,2026-04-22
https://www.costadosauipe.com.br/pacotes-promocionais,sc-domain:costadosauipe.com.br,PASS,Enviada e indexada,INDEXING_ALLOWED,ALLOWED,SUCCESSFUL,MOBILE,2026-04-21T22:54:24Z,https://www.costadosauipe.com.br/pacotes-promocionais,https://www.costadosauipe.com.br/pacotes-promocionais,match,3,VERDICT_UNSPECIFIED,PASS,Indicadores de localização atual,,https://search.google.com/search-console/inspect?resource_id=sc-domain:costadosauipe.com.br&id=nZvcd-lAt3VQ5EVTFZ42xg&utm_medium=link&utm_source=api,,2026-04-22
https://www.costadosauipe.com.br/blog/mandacaru,sc-domain:costadosauipe.com.br,PASS,Enviada e indexada,INDEXING_ALLOWED,ALLOWED,SUCCESSFUL,MOBILE,2026-04-22T05:24:09Z,https://www.costadosauipe.com.br/blog/mandacaru,https://www.costadosauipe.com.br/blog/mandacaru,match,2,VERDICT_UNSPECIFIED,PASS,Indicadores de localização atual,,https://search.google.com/search-console/inspect?resource_id=sc-domain:costadosauipe.com.br&id=e_XLYfe9DiuSxYNTxOsxuw&utm_medium=link&utm_source=api,,2026-04-22
https://www.costadosauipe.com.br/blog/stand-up-paddle-saiba-mais-sobre-esse-esporte-radical,sc-domain:costadosauipe.com.br,PASS,Enviada e indexada,INDEXING_ALLOWED,ALLOWED,SUCCESSFUL,MOBILE,2026-04-19T01:29:34Z,https://www.costadosauipe.com.br/blog/stand-up-paddle-saiba-mais-sobre-esse-esporte-radical,https://www.costadosauipe.com.br/blog/stand-up-paddle-saiba-mais-sobre-esse-esporte-radical,match,3,VERDICT_UNSPECIFIED,PASS,Indicadores de localização atual,,https://search.google.com/search-console/inspect?resource_id=sc-domain:costadosauipe.com.br&id=2ZWe-vq4IT-PSfeFIdiDow&utm_medium=link&utm_source=api,,2026-04-22
https://www.costadosauipe.com.br/blog/axe-cultura-baiana-do-genero-musical-a-expressao-ioruba,sc-domain:costadosauipe.com.br,PASS,Enviada e indexada,INDEXING_ALLOWED,ALLOWED,SUCCESSFUL,MOBILE,2026-04-22T16:31:59Z,https://www.costadosauipe.com.br/blog/axe-cultura-baiana-do-genero-musical-a-expressao-ioruba,https://www.costadosauipe.com.br/blog/axe-cultura-baiana-do-genero-musical-a-expressao-ioruba,match,1,VERDICT_UNSPECIFIED,PASS,Indicadores de localização atual,,https://search.google.com/search-console/inspect?resource_id=sc-domain:costadosauipe.com.br&id=6PVYzVivXvaPD40zUK3nBw&utm_medium=link&utm_source=api,,2026-04-22
https://www.costadosauipe.com.br/blog/baiana-do-acaraje,sc-domain:costadosauipe.com.br,PASS,Enviada e indexada,INDEXING_ALLOWED,ALLOWED,SUCCESSFUL,MOBILE,2026-04-14T12:54:53Z,https://www.costadosauipe.com.br/blog/baiana-do-acaraje,https://www.costadosauipe.com.br/blog/baiana-do-acaraje,match,3,VERDICT_UNSPECIFIED,PASS,Indicadores de localização atual,,https://search.google.com/search-console/inspect?resource_id=sc-domain:costadosauipe.com.br&id=vfMkPv3WnUDhBQAHwTRdSA&utm_medium=link&utm_source=api,,2026-04-22
https://www.costadosauipe.com.br/blog/conhea-as-cidades-da-bahia-mais-visitadas,sc-domain:costadosauipe.com.br,PASS,Enviada e indexada,INDEXING_ALLOWED,ALLOWED,SUCCESSFUL,MOBILE,2026-04-20T23:16:42Z,https://www.costadosauipe.com.br/blog/conhea-as-cidades-da-bahia-mais-visitadas,https://www.costadosauipe.com.br/blog/conhea-as-cidades-da-bahia-mais-visitadas,match,2,VERDICT_UNSPECIFIED,PASS,Indicadores de localização atual,,https://search.google.com/search-console/inspect?resource_id=sc-domain:costadosauipe.com.br&id=8nf1jzyZuxvSzxOxuc734Q&utm_medium=link&utm_source=api,,2026-04-22
https://www.costadosauipe.com.br/blog/o-que-e-traslado-como-funciona-e-de-que-modo-utiliza-lo,sc-domain:costadosauipe.com.br,PASS,Enviada e indexada,INDEXING_ALLOWED,ALLOWED,SUCCESSFUL,MOBILE,2026-04-22T04:54:32Z,https://www.costadosauipe.com.br/blog/o-que-e-traslado-como-funciona-e-de-que-modo-utiliza-lo,https://www.costadosauipe.com.br/blog/o-que-e-traslado-como-funciona-e-de-que-modo-utiliza-lo,match,0,VERDICT_UNSPECIFIED,PASS,Indicadores de localização atual,,https://search.google.com/search-console/inspect?resource_id=sc-domain:costadosauipe.com.br&id=odeTKGGI00SLlT6lehxmQA&utm_medium=link&utm_source=api,,2026-04-22
https://www.costadosauipe.com.br/blog/feira-de-santana,sc-domain:costadosauipe.com.br,PASS,Enviada e indexada,INDEXING_ALLOWED,ALLOWED,SUCCESSFUL,MOBILE,2026-04-13T12:55:30Z,https://www.costadosauipe.com.br/blog/feira-de-santana,https://www.costadosauipe.com.br/blog/feira-de-santana,match,2,VERDICT_UNSPECIFIED,PASS,Indicadores de localização atual,,https://search.google.com/search-console/inspect?resource_id=sc-domain:costadosauipe.com.br&id=lzs-LvahyZ6fdblFKKwLVA&utm_medium=link&utm_source=api,,2026-04-22
https://www.costadosauipe.com.br/blog/abara,sc-domain:costadosauipe.com.br,PASS,Enviada e indexada,INDEXING_ALLOWED,ALLOWED,SUCCESSFUL,MOBILE,2026-04-19T12:57:49Z,https://www.costadosauipe.com.br/blog/abara,https://www.costadosauipe.com.br/blog/abara,match,2,VERDICT_UNSPECIFIED,PASS,Indicadores de localização atual,,https://search.google.com/search-console/inspect?resource_id=sc-domain:costadosauipe.com.br&id=fQRzCq1l6uyF7WAhKyhMdQ&utm_medium=link&utm_source=api,,2026-04-22
https://www.costadosauipe.com.br/blog/bahia-a-terra-do-azeite-de-dende,sc-domain:costadosauipe.com.br,PASS,Enviada e indexada,INDEXING_ALLOWED,ALLOWED,SUCCESSFUL,MOBILE,2026-04-21T10:47:43Z,https://www.costadosauipe.com.br/blog/bahia-a-terra-do-azeite-de-dende,https://www.costadosauipe.com.br/blog/bahia-a-terra-do-azeite-de-dende,match,1,VERDICT_UNSPECIFIED,PASS,Indicadores de localização atual,,https://search.google.com/search-console/inspect?resource_id=sc-domain:costadosauipe.com.br&id=VZ4dkTw0NnQoV6Vvk06evg&utm_medium=link&utm_source=api,,2026-04-22
https://www.costadosauipe.com.br/blog/capoeira-simbolo-de-resistencia-e-sua-importancia-na-bahia,sc-domain:costadosauipe.com.br,PASS,Enviada e indexada,INDEXING_ALLOWED,ALLOWED,SUCCESSFUL,MOBILE,2026-04-16T00:13:43Z,https://www.costadosauipe.com.br/blog/capoeira-simbolo-de-resistencia-e-sua-importancia-na-bahia,https://www.costadosauipe.com.br/blog/capoeira-simbolo-de-resistencia-e-sua-importancia-na-bahia,match,2,VERDICT_UNSPECIFIED,PASS,Indicadores de localização atual,,https://search.google.com/search-console/inspect?resource_id=sc-domain:costadosauipe.com.br&id=fb4XlNeq2aqtsqEBgdS0hw&utm_medium=link&utm_source=api,,2026-04-22
https://www.costadosauipe.com.br/blog/mercado-modelo,sc-domain:costadosauipe.com.br,PASS,Enviada e indexada,INDEXING_ALLOWED,ALLOWED,SUCCESSFUL,MOBILE,2026-04-17T22:16:42Z,https://www.costadosauipe.com.br/blog/mercado-modelo,https://www.costadosauipe.com.br/blog/mercado-modelo,match,2,VERDICT_UNSPECIFIED,PASS,Indicadores de localização atual,,https://search.google.com/search-console/inspect?resource_id=sc-domain:costadosauipe.com.br&id=zHL0rt7bhKiR_6wLoeA50A&utm_medium=link&utm_source=api,,2026-04-22
https://www.costadosauipe.com.br/blog/fita-do-senhor-do-bonfim,sc-domain:costadosauipe.com.br,PASS,Enviada e indexada,INDEXING_ALLOWED,ALLOWED,SUCCESSFUL,MOBILE,2026-04-19T13:52:54Z,https://www.costadosauipe.com.br/blog/fita-do-senhor-do-bonfim,https://www.costadosauipe.com.br/blog/fita-do-senhor-do-bonfim,match,2,VERDICT_UNSPECIFIED,PASS,Indicadores de localização atual,,https://search.google.com/search-console/inspect?resource_id=sc-domain:costadosauipe.com.br&id=GOo798CyX5iAizrKnH6Ozg&utm_medium=link&utm_source=api,,2026-04-22
https://www.costadosauipe.com.br/explorar/hoteis/sol-grand-premium,sc-domain:costadosauipe.com.br,PASS,Enviada e indexada,INDEXING_ALLOWED,ALLOWED,SUCCESSFUL,MOBILE,2026-04-22T15:42:21Z,https://www.costadosauipe.com.br/explorar/hoteis/sol-grand-premium,https://www.costadosauipe.com.br/explorar/hoteis/sol-grand-premium,match,3,VERDICT_UNSPECIFIED,PASS,Indicadores de localização atual,,https://search.google.com/search-console/inspect?resource_id=sc-domain:costadosauipe.com.br&id=F1qhEX13YzxwAG4o_yNaXQ&utm_medium=link&utm_source=api,,2026-04-22
https://site.costadosauipe.com.br/ala-terra-resort,sc-domain:costadosauipe.com.br,PASS,Enviada e indexada,INDEXING_ALLOWED,ALLOWED,SUCCESSFUL,MOBILE,2026-04-19T16:39:47Z,https://site.costadosauipe.com.br/ala-terra-resort,https://site.costadosauipe.com.br/ala-terra-resort,match,0,VERDICT_UNSPECIFIED,FAIL,Indicadores de localização atual,,https://search.google.com/search-console/inspect?resource_id=sc-domain:costadosauipe.com.br&id=7su7VCj9qRz9W2050virWA&utm_medium=link&utm_source=api,,2026-04-22
https://www.costadosauipe.com.br/blog/maculele,sc-domain:costadosauipe.com.br,PASS,Enviada e indexada,INDEXING_ALLOWED,ALLOWED,SUCCESSFUL,MOBILE,2026-04-20T10:25:03Z,https://www.costadosauipe.com.br/blog/maculele,https://www.costadosauipe.com.br/blog/maculele,match,3,VERDICT_UNSPECIFIED,PASS,Indicadores de localização atual,,https://search.google.com/search-console/inspect?resource_id=sc-domain:costadosauipe.com.br&id=Q38_p1qR4z6GVemvW3LA2w&utm_medium=link&utm_source=api,,2026-04-22
https://www.costadosauipe.com.br/blog/dia-de-iemanja-conheca-a-manifestacao-religiosa-que-movimenta-a-bahia,sc-domain:costadosauipe.com.br,PASS,Enviada e indexada,INDEXING_ALLOWED,ALLOWED,SUCCESSFUL,MOBILE,2026-04-22T06:26:10Z,https://www.costadosauipe.com.br/blog/dia-de-iemanja-conheca-a-manifestacao-religiosa-que-movimenta-a-bahia,https://www.costadosauipe.com.br/blog/dia-de-iemanja-conheca-a-manifestacao-religiosa-que-movimenta-a-bahia,match,2,VERDICT_UNSPECIFIED,PASS,Indicadores de localização atual,,https://search.google.com/search-console/inspect?resource_id=sc-domain:costadosauipe.com.br&id=vIswufte-7MgjhKmTpMc0w&utm_medium=link&utm_source=api,,2026-04-22
https://www.costadosauipe.com.br/perguntas-frequentes,sc-domain:costadosauipe.com.br,PASS,Enviada e indexada,INDEXING_ALLOWED,ALLOWED,SUCCESSFUL,MOBILE,2026-04-19T02:35:29Z,https://www.costadosauipe.com.br/perguntas-frequentes,https://www.costadosauipe.com.br/perguntas-frequentes,match,3,VERDICT_UNSPECIFIED,PASS,Indicadores de localização atual,,https://search.google.com/search-console/inspect?resource_id=sc-domain:costadosauipe.com.br&id=fNngCgebuM317V0-vQX2jg&utm_medium=link&utm_source=api,,2026-04-22
https://www.costadosauipe.com.br/explorar/hoteis/mar-premium,sc-domain:costadosauipe.com.br,PASS,Enviada e indexada,INDEXING_ALLOWED,ALLOWED,SUCCESSFUL,MOBILE,2026-04-22T15:42:20Z,https://www.costadosauipe.com.br/explorar/hoteis/mar-premium,https://www.costadosauipe.com.br/explorar/hoteis/mar-premium,match,2,VERDICT_UNSPECIFIED,PASS,Indicadores de localização atual,,https://search.google.com/search-console/inspect?resource_id=sc-domain:costadosauipe.com.br&id=3RJUu1ssSea1QJ8NUhJThw&utm_medium=link&utm_source=api,,2026-04-22
https://www.costadosauipe.com.br/blog/complexo-turistico-tudo-o-que-voce-precisa-saber-sobre-o-assunto,sc-domain:costadosauipe.com.br,PASS,Enviada e indexada,INDEXING_ALLOWED,ALLOWED,SUCCESSFUL,MOBILE,2026-04-13T14:54:24Z,https://www.costadosauipe.com.br/blog/complexo-turistico-tudo-o-que-voce-precisa-saber-sobre-o-assunto,https://www.costadosauipe.com.br/blog/complexo-turistico-tudo-o-que-voce-precisa-saber-sobre-o-assunto,match,3,VERDICT_UNSPECIFIED,PASS,Indicadores de localização atual,,https://search.google.com/search-console/inspect?resource_id=sc-domain:costadosauipe.com.br&id=kblK6nbA_n1AO_O3SD-owg&utm_medium=link&utm_source=api,,2026-04-22
https://www.costadosauipe.com.br/blog/tudo-sobre-bagagem-despachada,sc-domain:costadosauipe.com.br,PASS,Enviada e indexada,INDEXING_ALLOWED,ALLOWED,SUCCESSFUL,MOBILE,2026-04-18T19:37:06Z,https://www.costadosauipe.com.br/blog/tudo-sobre-bagagem-despachada,https://www.costadosauipe.com.br/blog/tudo-sobre-bagagem-despachada,match,2,VERDICT_UNSPECIFIED,,,,https://search.google.com/search-console/inspect?resource_id=sc-domain:costadosauipe.com.br&id=c1NVU340isJPbBdhW9437g&utm_medium=link&utm_source=api,,2026-04-22
https://www.costadosauipe.com.br/experiencias,sc-domain:costadosauipe.com.br,PASS,Enviada e indexada,INDEXING_ALLOWED,ALLOWED,SUCCESSFUL,MOBILE,2026-04-20T14:48:50Z,https://www.costadosauipe.com.br/experiencias,https://www.costadosauipe.com.br/experiencias,match,1,VERDICT_UNSPECIFIED,,,,https://search.google.com/search-console/inspect?resource_id=sc-domain:costadosauipe.com.br&id=6x-eslFPy6vP_Pg17WBUNw&utm_medium=link&utm_source=api,,2026-04-22
https://www.costadosauipe.com.br/blog/peninsula-de-marau,sc-domain:costadosauipe.com.br,PASS,Enviada e indexada,INDEXING_ALLOWED,ALLOWED,SUCCESSFUL,MOBILE,2026-04-20T10:43:50Z,https://www.costadosauipe.com.br/blog/peninsula-de-marau,https://www.costadosauipe.com.br/blog/peninsula-de-marau,match,2,VERDICT_UNSPECIFIED,PASS,Indicadores de localização atual,,https://search.google.com/search-console/inspect?resource_id=sc-domain:costadosauipe.com.br&id=0s-9ekTjO7Vcctp0ptMc4g&utm_medium=link&utm_source=api,,2026-04-22
https://www.costadosauipe.com.br/blog/saiba-se-precisa-de-passaporte-para-viajar-dentro-do-brasil,sc-domain:costadosauipe.com.br,PASS,Enviada e indexada,INDEXING_ALLOWED,ALLOWED,SUCCESSFUL,MOBILE,2026-04-21T20:59:43Z,https://www.costadosauipe.com.br/blog/saiba-se-precisa-de-passaporte-para-viajar-dentro-do-brasil,https://www.costadosauipe.com.br/blog/saiba-se-precisa-de-passaporte-para-viajar-dentro-do-brasil,match,3,VERDICT_UNSPECIFIED,PASS,Indicadores de localização atual,,https://search.google.com/search-console/inspect?resource_id=sc-domain:costadosauipe.com.br&id=Ommptx5VWZnCn9DTjCvEAg&utm_medium=link&utm_source=api,,2026-04-22
https://www.costadosauipe.com.br/blog/conheca-porto-da-barra-em-salvador,sc-domain:costadosauipe.com.br,PASS,Enviada e indexada,INDEXING_ALLOWED,ALLOWED,SUCCESSFUL,MOBILE,2026-04-17T05:49:03Z,https://www.costadosauipe.com.br/blog/conheca-porto-da-barra-em-salvador,https://www.costadosauipe.com.br/blog/conheca-porto-da-barra-em-salvador,match,3,VERDICT_UNSPECIFIED,PASS,Indicadores de localização atual,,https://search.google.com/search-console/inspect?resource_id=sc-domain:costadosauipe.com.br&id=xY-mMSnJ-zXG0YKUGhSwfw&utm_medium=link&utm_source=api,,2026-04-22
https://www.costadosauipe.com.br/blog/olodum-como-a-escola-de-tambores-revolucionou-a-musica-baiana,sc-domain:costadosauipe.com.br,PASS,Enviada e indexada,INDEXING_ALLOWED,ALLOWED,SUCCESSFUL,MOBILE,2026-04-22T00:57:04Z,https://www.costadosauipe.com.br/blog/olodum-como-a-escola-de-tambores-revolucionou-a-musica-baiana,https://www.costadosauipe.com.br/blog/olodum-como-a-escola-de-tambores-revolucionou-a-musica-baiana,match,2,VERDICT_UNSPECIFIED,PASS,Indicadores de localização atual,,https://search.google.com/search-console/inspect?resource_id=sc-domain:costadosauipe.com.br&id=U3Gs8o1be5tbGsFRU6vjVA&utm_medium=link&utm_source=api,,2026-04-22
https://www.costadosauipe.com.br/blog/pelourinho-conhecendo-mais-sobre-um-simbolo-da-cultura-baiana,sc-domain:costadosauipe.com.br,PASS,Enviada e indexada,INDEXING_ALLOWED,ALLOWED,SUCCESSFUL,MOBILE,2026-04-16T02:48:21Z,https://www.costadosauipe.com.br/blog/pelourinho-conhecendo-mais-sobre-um-simbolo-da-cultura-baiana,https://www.costadosauipe.com.br/blog/pelourinho-conhecendo-mais-sobre-um-simbolo-da-cultura-baiana,match,1,VERDICT_UNSPECIFIED,PASS,Indicadores de localização atual,,https://search.google.com/search-console/inspect?resource_id=sc-domain:costadosauipe.com.br&id=_iAZQ-QAdYVSTCDnRS1sfQ&utm_medium=link&utm_source=api,,2026-04-22
https://www.costadosauipe.com.br/blog/arraial-dajuda,sc-domain:costadosauipe.com.br,PASS,Enviada e indexada,INDEXING_ALLOWED,ALLOWED,SUCCESSFUL,MOBILE,2026-04-20T23:28:16Z,https://www.costadosauipe.com.br/blog/arraial-dajuda,https://www.costadosauipe.com.br/blog/arraial-dajuda,match,3,VERDICT_UNSPECIFIED,PASS,Indicadores de localização atual,,https://search.google.com/search-console/inspect?resource_id=sc-domain:costadosauipe.com.br&id=OxOq50DqZrLk8oMrVhk48w&utm_medium=link&utm_source=api,,2026-04-22
https://www.costadosauipe.com.br/blog/santa-cruz-cabralia-paraiso-das-praias-paradisiacas,sc-domain:costadosauipe.com.br,PASS,Enviada e indexada,INDEXING_ALLOWED,ALLOWED,SUCCESSFUL,MOBILE,2026-04-13T12:48:22Z,https://www.costadosauipe.com.br/blog/santa-cruz-cabralia-paraiso-das-praias-paradisiacas,https://www.costadosauipe.com.br/blog/santa-cruz-cabralia-paraiso-das-praias-paradisiacas,match,1,VERDICT_UNSPECIFIED,PASS,Indicadores de localização atual,,https://search.google.com/search-console/inspect?resource_id=sc-domain:costadosauipe.com.br&id=VpGFB-RqowlzfZhs1H_X_w&utm_medium=link&utm_source=api,,2026-04-22
https://promo.costadosauipe.com.br/hotpark,sc-domain:costadosauipe.com.br,PASS,Enviada e indexada,INDEXING_ALLOWED,ALLOWED,SUCCESSFUL,MOBILE,2026-04-20T14:48:38Z,https://promo.costadosauipe.com.br/hotpark,https://promo.costadosauipe.com.br/hotpark,match,2,VERDICT_UNSPECIFIED,,,,https://search.google.com/search-console/inspect?resource_id=sc-domain:costadosauipe.com.br&id=S5sWjJQtT9Be1qLHnh20Ow&utm_medium=link&utm_source=api,,2026-04-22
https://www.costadosauipe.com.br/blog/morro-do-pai-inacio,sc-domain:costadosauipe.com.br,PASS,Enviada e indexada,INDEXING_ALLOWED,ALLOWED,SUCCESSFUL,MOBILE,2026-04-22T08:30:44Z,https://www.costadosauipe.com.br/blog/morro-do-pai-inacio,https://www.costadosauipe.com.br/blog/morro-do-pai-inacio,match,1,VERDICT_UNSPECIFIED,PASS,Indicadores de localização atual,,https://search.google.com/search-console/inspect?resource_id=sc-domain:costadosauipe.com.br&id=QwZaTPwCxB80SN67QsE3SQ&utm_medium=link&utm_source=api,,2026-04-22
https://www.costadosauipe.com.br/blog/sul-da-bahia-10-lugares-para-conhecer,sc-domain:costadosauipe.com.br,PASS,Enviada e indexada,INDEXING_ALLOWED,ALLOWED,SUCCESSFUL,MOBILE,2026-04-20T12:52:28Z,https://www.costadosauipe.com.br/blog/sul-da-bahia-10-lugares-para-conhecer,https://www.costadosauipe.com.br/blog/sul-da-bahia-10-lugares-para-conhecer,match,2,VERDICT_UNSPECIFIED,,,,https://search.google.com/search-console/inspect?resource_id=sc-domain:costadosauipe.com.br&id=9NMIj2zdvhTJ-Z55KWJQow&utm_medium=link&utm_source=api,,2026-04-22
https://www.costadosauipe.com.br/blog/reconcavo-baiano-conheca-uma-joia-cultural-e-historica-da-bahia,sc-domain:costadosauipe.com.br,PASS,Enviada e indexada,INDEXING_ALLOWED,ALLOWED,SUCCESSFUL,MOBILE,2026-04-12T00:50:05Z,https://www.costadosauipe.com.br/blog/reconcavo-baiano-conheca-uma-joia-cultural-e-historica-da-bahia,https://www.costadosauipe.com.br/blog/reconcavo-baiano-conheca-uma-joia-cultural-e-historica-da-bahia,match,3,VERDICT_UNSPECIFIED,PASS,Indicadores de localização atual,,https://search.google.com/search-console/inspect?resource_id=sc-domain:costadosauipe.com.br&id=nvPmqelut2E69KFFH7TP_Q&utm_medium=link&utm_source=api,,2026-04-22
https://www.costadosauipe.com.br/blog/madre-de-deus,sc-domain:costadosauipe.com.br,PASS,Enviada e indexada,INDEXING_ALLOWED,ALLOWED,SUCCESSFUL,MOBILE,2026-04-18T11:35:32Z,https://www.costadosauipe.com.br/blog/madre-de-deus,https://www.costadosauipe.com.br/blog/madre-de-deus,match,2,VERDICT_UNSPECIFIED,PASS,Indicadores de localização atual,,https://search.google.com/search-console/inspect?resource_id=sc-domain:costadosauipe.com.br&id=czqq7r0cDk54_JjFjs825A&utm_medium=link&utm_source=api,,2026-04-22
https://www.costadosauipe.com.br/blog/samba-de-roda,sc-domain:costadosauipe.com.br,PASS,Enviada e indexada,INDEXING_ALLOWED,ALLOWED,SUCCESSFUL,MOBILE,2026-04-18T13:41:22Z,https://www.costadosauipe.com.br/blog/samba-de-roda,https://www.costadosauipe.com.br/blog/samba-de-roda,match,2,VERDICT_UNSPECIFIED,PASS,Indicadores de localização atual,,https://search.google.com/search-console/inspect?resource_id=sc-domain:costadosauipe.com.br&id=2Ka4YMlPmFpzbUt63X2fyQ&utm_medium=link&utm_source=api,,2026-04-22
https://www.costadosauipe.com.br/explorar/hoteis/brisa-grand-premium,sc-domain:costadosauipe.com.br,PASS,Enviada e indexada,INDEXING_ALLOWED,ALLOWED,SUCCESSFUL,MOBILE,2026-04-20T18:37:35Z,https://www.costadosauipe.com.br/explorar/hoteis/brisa-grand-premium,https://www.costadosauipe.com.br/explorar/hoteis/brisa-grand-premium,match,2,VERDICT_UNSPECIFIED,PASS,Indicadores de localização atual,,https://search.google.com/search-console/inspect?resource_id=sc-domain:costadosauipe.com.br&id=ncRYfgyKwes-EG-Ws9LUEA&utm_medium=link&utm_source=api,,2026-04-22
https://www.costadosauipe.com.br/institucional,sc-domain:costadosauipe.com.br,PASS,Enviada e indexada,INDEXING_ALLOWED,ALLOWED,SUCCESSFUL,MOBILE,2026-04-20T18:37:34Z,https://www.costadosauipe.com.br/institucional,https://www.costadosauipe.com.br/institucional,match,3,VERDICT_UNSPECIFIED,PASS,Indicadores de localização atual,,https://search.google.com/search-console/inspect?resource_id=sc-domain:costadosauipe.com.br&id=PHTgDu1GuaksGaIOZGyfvA&utm_medium=link&utm_source=api,,2026-04-22
