anchor,count,% do perfil,classificacao
aviva.com.br,138,16.39%,over-opt
https://aviva.com.br,130,15.44%,over-opt
aviva,121,14.37%,over-opt
avivaoperadora.com.br,109,12.95%,over-opt
Aviva,85,10.10%,over-opt
site,13,1.54%,saudavel
www.aviva.com.br,12,1.43%,saudavel
Valetur Viagens,11,1.31%,saudavel
www.valetur.com.br,10,1.19%,saudavel
avivadestinos.com.br,10,1.19%,saudavel
Valetur,7,0.83%,saudavel
https://aviva.com.br.,6,0.71%,saudavel
empresa,6,0.71%,saudavel
valetur.com.br,6,0.71%,saudavel
https://aviva.com.br/,6,0.71%,saudavel
AVIVA,5,0.59%,saudavel
http://aviva.com.br/,5,0.59%,saudavel
Website,4,0.48%,saudavel
viva,4,0.48%,saudavel
Política de Privacidade,3,0.36%,saudavel
"Honestly, there was a time when avivaoperadora.com.br seemed invisible online with only marginal vis",3,0.36%,saudavel
"Before I found SEOExpress.org, my site was invisible online; there wasn't much hope left for avivade",3,0.36%,saudavel
https://www.aviva.com.br/,3,0.36%,saudavel
"Before I found SEOExpress.org, my efforts on SEO felt hopelessly stuck with no significant progress ",3,0.36%,saudavel
avivaturismo.com.br,3,0.36%,saudavel
Check-in,2,0.24%,saudavel
Conheça,2,0.24%,saudavel
Learn more,2,0.24%,saudavel
SITE OFICIAL,2,0.24%,saudavel
Conocer,2,0.24%,saudavel
site oficial da Aviva,2,0.24%,saudavel
http://www.aviva.com.br,2,0.24%,saudavel
Web Check-in,2,0.24%,saudavel
Relatório de Igualdade Salarial,2,0.24%,saudavel
Learn more about us,2,0.24%,saudavel
Aviva Algar FLC,2,0.24%,saudavel
entretenimento,2,0.24%,saudavel
https://reservas.aviva.com.br/infotravel,2,0.24%,saudavel
https://www.aviva.com.br/portaldeprivacidade,2,0.24%,saudavel
agente.valetur.com.br,2,0.24%,saudavel
Grupo Aviva,2,0.24%,saudavel
Mundo Entretenimento,2,0.24%,saudavel
"Honestly, I almost gave up on SEO until discovering the magic of SEOExpress.org while working on val",2,0.24%,saudavel
aqui,2,0.24%,saudavel
Sem Título-2,1,0.12%,saudavel
Seja Parceiro,1,0.12%,saudavel
logo-aviva,1,0.12%,saudavel
Tem uma reserva?,1,0.12%,saudavel
Relatório de igualdade salarial,1,0.12%,saudavel
Política de Privacidade e Cookies | Aviva,1,0.12%,saudavel
Apoio 27 - Aviva,1,0.12%,saudavel
Check-In,1,0.12%,saudavel
logo da empresa,1,0.12%,saudavel
Visitar parceiro,1,0.12%,saudavel
a gestora do Hot Park e dos complexos turísticos Rio Quente Resorts (GO) e Costa do Sauípe (BA),1,0.12%,saudavel
"Web Check-In Web Check-In Garanta agilidade e comodidade em suas férias, faça o check-in online ante",1,0.12%,saudavel
clicando aqui,1,0.12%,saudavel
Web check-in,1,0.12%,saudavel
Fazer web check-In,1,0.12%,saudavel
Check-In Online Check-In Online,1,0.12%,saudavel
https://convenios.aviva.com.br/,1,0.12%,saudavel
Você tem uma reserva? Faça Check-in,1,0.12%,saudavel
WEB CHECK-IN,1,0.12%,saudavel
ValeTur,1,0.12%,saudavel
plataforma de viagens e entretenimento,1,0.12%,saudavel
Aviva Destinos,1,0.12%,saudavel
voos fretados,1,0.12%,saudavel
Visitar página,1,0.12%,saudavel
Site,1,0.12%,saudavel
Site oficial,1,0.12%,saudavel
https://aviva.,1,0.12%,saudavel
acesse o site,1,0.12%,saudavel
www.aviva.com.br/,1,0.12%,saudavel
View the website,1,0.12%,saudavel
​,1,0.12%,saudavel
"Rank avivadestinos.com.br long-term — monthly SEO, DR80+, PBN, DR/DA/TF, full SEO — gambling accepte",1,0.12%,saudavel
"Complete performance-focused SEO package with DR, DA and TF boost for avivadestinos.com.br | RankZly",1,0.12%,saudavel
"gestora dos empreendimentos Costa do Sauípe (BA), Rio Quente Resorts (GO) e do parque aquático Hot P",1,0.12%,saudavel
"Honestly, before using the services at SEOExpress.org even thinking about growing aviva.com.br seeme",1,0.12%,saudavel
"Rank aviva.com.br — DR80+ links, full SEO, monthly SEO, PBN, DR/DA/TF — gambling accepted. | Visit R",1,0.12%,saudavel
agente.aviva.com.br,1,0.12%,saudavel
www.aviva.com.br/rio-quente?ut...,1,0.12%,saudavel
Domain upgrade for aviva.com.br: high-DR guest blogging + backlinks; DR/DA/TF rise — worldwide. | Vi,1,0.12%,saudavel
no site tem mais informaçōes com a operadora oficial,1,0.12%,saudavel
www.aviva.com.br/neuza-ladeira.html,1,0.12%,saudavel
Elevate avivaoperadora.com.br domain rating: editorial backlinks + SaaS maker + SEO agency; TF/DA su,1,0.12%,saudavel
Rank boost for valetur.com.br: authoritative guest blogging + backlinks; DR/DA/TF climb — global mar,1,0.12%,saudavel
operadora oficial,1,0.12%,saudavel
"SERP climb valetur.com.br: DR80+, PBN, monthly SEO, DR/DA/TF, full SEO — gambling accepted. | Visit ",1,0.12%,saudavel
Complete organic SEO solution with outreach backlinks for aviva.com.br | RankZly.com – Your Unbeatab,1,0.12%,saudavel
Logo_Aviva_Holdings_Trabalhos,1,0.12%,saudavel
Política de privacidade | Aviva,1,0.12%,saudavel
"Rank avivaoperadora.com.br on Google — full SEO, monthly SEO, PBN links, DR80+; DR/DA/TF — gambling ",1,0.12%,saudavel
AQUI,1,0.12%,saudavel
"viva, plataforma de entretenimento detentora do parque aquático Hot Park e dos destinos Rio Quente R",1,0.12%,saudavel
whitehat traffic avivaoperadora.com.br high-DA DR backlinks Google ranking upto 6x | Seoboost.agency,1,0.12%,saudavel
Navigate avivaoperadora.com.br to victory: strategic guest posts + backlinks; DR/DA/TF boost — every,1,0.12%,saudavel
https://reservas.aviva.com.br/,1,0.12%,saudavel
Politica de Privacidade,1,0.12%,saudavel
Logo após a abertura,1,0.12%,saudavel
hotéis,1,0.12%,saudavel
avivaoperadora.com.br: upgrade SEO — raise Ahrefs DR — get links. | Visit Buyseolink.com for any Que,1,0.12%,saudavel
aviva.com.br whitehat traffic brand mentions Google ranking upto 8x | Seoboost.agency World no 1 Seo,1,0.12%,saudavel
"Thanks to Rank-Your.Site, avivadestinos.com.br now ranks #1 for 50 targeted keywords! 🚀",1,0.12%,saudavel
"Before reaching out to ITXoft.com for help with avivadestinos.com.br, I'd tried multiple strategies ",1,0.12%,saudavel
Rank avivaoperadora.com.br with proof: backlinks + GP; DR/DA/TF rise — any niche/language. | Visit S,1,0.12%,saudavel
AVIVA Logotipo del patrocinador,1,0.12%,saudavel
Google traction globally for valetur.com.br: backlinks + GP; DR/DA/TF up — all languages. | Visit Sk,1,0.12%,saudavel
Complete ranking-focused SEO solution with backlinks for avivaoperadora.com.br | RankZly.com – Your ,1,0.12%,saudavel
https://www.aviva.com.br,1,0.12%,saudavel
site da nova marca já está disponível,1,0.12%,saudavel
www.valetur.com.br/happyhour,1,0.12%,saudavel
http://Aviva.com.br/,1,0.12%,saudavel
www.aviva.com.br/costa-do-saui...,1,0.12%,saudavel
Truy cập trang web,1,0.12%,saudavel
"When launching avivadestinos.com.br, organic reach felt impossible until someone suggested giving SE",1,0.12%,saudavel
"Google ranks climb for avivadestinos.com.br with clean backlinks, guest posts; DR/DA/TF up — all nic",1,0.12%,saudavel
avivadestinos.com.br whitehat traffic high-DA DR backlinks Google ranking upto 10x | Seoboost.agency,1,0.12%,saudavel
valetur.com.br whitehat traffic Google ranking upto +300% authority sites | Seoboost.agency World no,1,0.12%,saudavel
valetur.com.br SEO plan — grow Moz DA — see pricing. | Visit Buyseolink.com for any Query,1,0.12%,saudavel
"Hot Park Baía das Tartarugas, na Costa do Sauípe (BA)",1,0.12%,saudavel
"If you had told me last year that I'd see such success with valetur.com.br, especially regarding bac",1,0.12%,saudavel
Google visibility surge for avivadestinos.com.br: niche backlinks + guest posts; DR/DA/TF boost — wo,1,0.12%,saudavel
Domain upgrade for avivaoperadora.com.br: strategic backlinks + guest blogging; DR/DA/TF gain — worl,1,0.12%,saudavel
Rank aviva.com.br multilingual: backlinks + GP; DR/DA/TF up — any niche. | Visit Skylinkseo.com for ,1,0.12%,saudavel
Power aviva.com.br presence: niche guest posts + backlinks; DR/DA/TF increase — all languages. | Vis,1,0.12%,saudavel
política de privacidade,1,0.12%,saudavel
Move avivadestinos.com.br DR fast: premium backlinks + full-stack dev + web developer; authority mul,1,0.12%,saudavel
Push valetur.com.br link profile: dofollow backlinks + digital marketing + automation; DR multiply —,1,0.12%,saudavel
do site oficial,1,0.12%,saudavel
Site Aviva,1,0.12%,saudavel
link,1,0.12%,saudavel
Charge avivadestinos.com.br presence: multilingual guest posts + backlinks; DR/DA/TF rise — worldwid,1,0.12%,saudavel
http://webcheckin.aviva.com.br,1,0.12%,saudavel
aviva.com.br — SEO boost: Google‑update ready; guest posts at scale — order now. | Visit Buyseolink.,1,0.12%,saudavel
http://www.aviva.com.br/,1,0.12%,saudavel
Imagem,1,0.12%,saudavel
Aviva Vacation Club,1,0.12%,saudavel
Aviva Algar,1,0.12%,saudavel
Local,1,0.12%,saudavel
AVIVA Sponsor logo,1,0.12%,saudavel
Grupo Rio Quente Resorts (Aviva),1,0.12%,saudavel

Total: 142 anchors unicos | 842 ocorrencias
